<?xml version="1.0" encoding="UTF-8"?>
<project-private xmlns="http://www.netbeans.org/ns/project-private/1">
    <editor-bookmarks xmlns="http://www.netbeans.org/ns/editor-bookmarks/2" lastBookmarkId="0"/>
    <open-files xmlns="http://www.netbeans.org/ns/projectui-open-files/2">
        <group>
            <file>file:/C:/Users/91843/OneDrive/Desktop/AllProjectsUpdate/Java%20Major%20Project/trandpl/src/trandpl/dbutil/DBConnection.java</file>
            <file>file:/C:/Users/91843/OneDrive/Desktop/AllProjectsUpdate/Java%20Major%20Project/trandpl/src/trandpl/gui/AdminRemoveHrFrame.java</file>
            <file>file:/C:/Users/91843/OneDrive/Desktop/AllProjectsUpdate/Java%20Major%20Project/trandpl/src/trandpl/gui/AdminAddNewHRFrame.java</file>
            <file>file:/C:/Users/91843/OneDrive/Desktop/AllProjectsUpdate/Java%20Major%20Project/trandpl/src/trandpl/dao/HrDAO.java</file>
            <file>file:/C:/Users/91843/OneDrive/Desktop/AllProjectsUpdate/Java%20Major%20Project/trandpl/src/trandpl/gui/AdminHrModifyFrame.java</file>
            <file>file:/C:/Users/91843/OneDrive/Desktop/AllProjectsUpdate/Java%20Major%20Project/trandpl/src/trandpl/gui/SignUpFrame.java</file>
            <file>file:/C:/Users/91843/OneDrive/Desktop/AllProjectsUpdate/Java%20Major%20Project/trandpl/src/trandpl/gui/HrAddNewJobFrame.java</file>
            <file>file:/C:/Users/91843/OneDrive/Desktop/AllProjectsUpdate/Java%20Major%20Project/trandpl/src/trandpl/gui/HrChooseJobForEditingQuizz.java</file>
            <file>file:/C:/Users/91843/OneDrive/Desktop/AllProjectsUpdate/Java%20Major%20Project/trandpl/src/trandpl/gui/AdminOptionsFrame.java</file>
            <file>file:/C:/Users/91843/OneDrive/Desktop/AllProjectsUpdate/Java%20Major%20Project/trandpl/src/trandpl/gui/HrViewAllParticipants.java</file>
            <file>file:/C:/Users/91843/OneDrive/Desktop/AllProjectsUpdate/Java%20Major%20Project/trandpl/src/trandpl/dao/UsersDAO.java</file>
            <file>file:/C:/Users/91843/OneDrive/Desktop/AllProjectsUpdate/Java%20Major%20Project/trandpl/src/trandpl/gui/StudentCompletedJobsFrame.java</file>
            <file>file:/C:/Users/91843/OneDrive/Desktop/AllProjectsUpdate/Java%20Major%20Project/trandpl/src/trandpl/gui/AdminViewAllHrFrame.java</file>
            <file>file:/C:/Users/91843/OneDrive/Desktop/AllProjectsUpdate/Java%20Major%20Project/trandpl/src/trandpl/gui/HrChooseJobForEditingFrame.java</file>
            <file>file:/C:/Users/91843/OneDrive/Desktop/AllProjectsUpdate/Java%20Major%20Project/trandpl/src/trandpl/gui/LoginScreenFrame.java</file>
            <file>file:/C:/Users/91843/OneDrive/Desktop/AllProjectsUpdate/Java%20Major%20Project/trandpl/src/trandpl/gui/AdminHRModuleFrame.java</file>
        </group>
    </open-files>
</project-private>
